{"cameraMode":{"drawMode":0,"name":"Shaded","section":"Shading Mode"},"sceneLighting":true,"audioPlay":false,"sceneViewState":{"m_AlwaysRefresh":false,"showFog":true,"showSkybox":true,"showFlares":true,"showImageEffects":true,"showParticleSystems":true,"showVisualEffectGraphs":true,"m_FxEnabled":true},"in2DMode":false,"pivot":{"x":101.92115020751953,"y":88.97903442382813,"z":72.85576629638672},"rotation":{"x":-0.5554117560386658,"y":0.010465445928275586,"z":-0.00700535299256444,"w":-0.8314992785453796},"size":26.267745971679689,"orthographic":false}