{"cameraMode":{"drawMode":0,"name":"Shaded","section":"Shading Mode"},"sceneLighting":true,"audioPlay":false,"sceneViewState":{"m_AlwaysRefresh":false,"showFog":true,"showSkybox":true,"showFlares":true,"showImageEffects":true,"showParticleSystems":true,"showVisualEffectGraphs":true,"m_FxEnabled":true},"in2DMode":false,"pivot":{"x":117.18058013916016,"y":0.9039591550827026,"z":106.14566802978516},"rotation":{"x":0.0718444287776947,"y":0.31886351108551028,"z":-0.024246741086244584,"w":0.9447652697563171},"size":1.9398912191390992,"orthographic":false}